variant,group,n,mae,rmse,bias,coverage_pct,width,sector_i
baseline,overall,5884,0.17543177998140047,0.24073093316011632,0.04355377396155516,73.58939496940856,0.4345079006808974,
baseline,t1_lead1,1479,0.16787912269988375,0.2310995758244966,0.04327741286027973,74.50980392156863,0.4147632414529084,
baseline,t1_lead2,1479,0.18223481790589302,0.2491514489863696,0.0402643192888871,74.30696416497634,0.441371998655661,
baseline,t2_lead1,1463,0.16859629979591265,0.2318189715116926,0.046812560572152585,73.13738892686261,0.429128200507647,
baseline,t2_lead2,1463,0.1830250776850283,0.2501731808164378,0.0438998004265985,72.38550922761449,0.4529090294894998,
baseline,sector_N,30,0.05865354502008962,0.07992185618563352,0.02786199483903579,86.66666666666667,0.10102763663284424,0.0
baseline,sector_NNE,58,0.07512770894216468,0.12841342059859912,0.06602201179798718,93.10344827586206,0.18385857382778378,1.0
baseline,sector_NE,472,0.18492386896672,0.24667749008899628,0.06752420561334632,73.9406779661017,0.466843010710111,2.0
baseline,sector_ENE,2645,0.20795371915698022,0.27288322944934357,0.06206223639818005,69.14933837429112,0.5124781514909257,3.0
baseline,sector_E,308,0.14031395561358878,0.1922304167347001,-0.045890989752577584,76.94805194805194,0.3599972623251683,4.0
baseline,sector_ESE,60,0.14049304532602533,0.1885388390682223,-0.06300713251075736,75.0,0.25805760598393174,5.0
baseline,sector_SE,36,0.14617315317530663,0.2215481759782131,-0.07790610870005388,75.0,0.30372902236423077,6.0
baseline,sector_SSE,32,0.12514358692095967,0.2079739876039339,-0.03909540142097363,78.125,0.3284733825696514,7.0
baseline,sector_S,30,0.1972270105547587,0.2785660829276455,-0.15843469496208432,40.0,0.23049659715178866,8.0
baseline,sector_SSW,55,0.1326259545630917,0.19809496226357381,0.014832530235792462,78.18181818181819,0.23182323451738546,9.0
baseline,sector_SW,437,0.1777969196219986,0.2406375563105822,0.0022287630763367775,75.51487414187643,0.45706732669389527,10.0
baseline,sector_WSW,1095,0.16216237940162503,0.2252544855209716,0.051700530432283606,75.15981735159816,0.40193803364817915,11.0
baseline,sector_W,439,0.10888564524320604,0.15553171587258857,0.03589046969501031,83.14350797266515,0.2949855750764117,12.0
baseline,sector_WNW,93,0.06852696772954558,0.0909000562658954,0.03875385249035925,88.17204301075269,0.1703101765938426,13.0
baseline,sector_NW,38,0.055799689230773,0.07778729336492438,0.04266891100923848,84.21052631578947,0.127533854588542,14.0
baseline,sector_NNW,56,0.05568438724801704,0.09653168505622321,0.052134160587199926,91.07142857142857,0.17103033026908074,15.0
all,overall,5884,0.17327882266035935,0.2390253209577257,0.037650032394103305,74.18422841604351,0.4335924333077068,
all,t1_lead1,1479,0.1646990333674636,0.22832695579770157,0.03571500726586167,74.91548343475321,0.40838724138504734,
all,t1_lead2,1479,0.18022599650772433,0.24803496317107782,0.03542850153707659,75.3211629479378,0.43469928371343675,
all,t2_lead1,1463,0.16614122860009392,0.22929832854916354,0.03976955194377823,73.13738892686261,0.4322297696798536,
all,t2_lead2,1463,0.18206688715393987,0.24961338207195602,0.039732526721538354,73.34244702665755,0.4593169883255386,
all,sector_N,30,0.051409287158537695,0.07125725180641518,0.02174394073620153,86.66666666666667,0.1308122318091743,0.0
all,sector_NNE,58,0.06314451049570784,0.10248398933547395,0.058233262520833565,86.20689655172413,0.20141554431511396,1.0
all,sector_NE,472,0.18190602960695296,0.2455370863892802,0.05866208355773633,71.82203389830508,0.46385290502603327,2.0
all,sector_ENE,2645,0.20707982743975867,0.27137517082579926,0.05888895646022143,70.96408317580341,0.5128949322199848,3.0
all,sector_E,308,0.13672057168607998,0.19020661697883304,-0.049174863053011025,76.62337662337663,0.3611926435683752,4.0
all,sector_ESE,60,0.1301655707359974,0.18220515218553807,-0.06880700135204469,78.33333333333333,0.26884853116419977,5.0
all,sector_SE,36,0.13873655462159035,0.22740989088525648,-0.08268427142350819,75.0,0.29621315800742243,6.0
all,sector_SSE,32,0.13618222859618834,0.2258450703410421,-0.03723575303498869,81.25,0.3394890831532992,7.0
all,sector_S,30,0.19861268412440322,0.2832466346291467,-0.16957285957913318,40.0,0.2474509242165678,8.0
all,sector_SSW,55,0.13276161146175233,0.19211630374988176,0.007721516977011846,78.18181818181819,0.2544102693991325,9.0
all,sector_SW,437,0.17602108903167746,0.23998227494652238,-0.0029291505179083756,73.68421052631578,0.4501616455040457,10.0
all,sector_WSW,1095,0.1602488255926156,0.22352289260650446,0.04349975398978912,74.88584474885845,0.3976295514012524,11.0
all,sector_W,439,0.1046018283339619,0.1517447360944429,0.021184909994758114,84.73804100227791,0.29449855787675205,12.0
all,sector_WNW,93,0.056788798081764146,0.07427943151446861,0.024737110416368807,89.24731182795699,0.16246176233569665,13.0
all,sector_NW,38,0.04595526853104269,0.0665404445932119,0.03911638028123861,78.94736842105263,0.11345617485395226,14.0
all,sector_NNW,56,0.05193062505709619,0.08780912049547301,0.04854940992723716,98.21428571428571,0.1598917118412524,15.0
selected,overall,5884,0.17063990768372006,0.23714481922428168,0.034336138577454225,75.39089055064582,0.4361753422586865,
selected,t1_lead1,1479,0.1621079938728724,0.22572530256542941,0.032743600037272405,77.14672075726843,0.4167045587086374,
selected,t1_lead2,1479,0.17784983749867792,0.2468956279559159,0.03272539269800651,77.01149425287356,0.4457090199006724,
selected,t2_lead1,1463,0.163197496430657,0.22661069935570527,0.03573072864692647,74.09432672590567,0.42721463069021753,
selected,t2_lead2,1463,0.17941876072073457,0.2483849399973766,0.036179865429808424,73.2740943267259,0.45518183621815045,
selected,sector_N,30,0.05343172639072778,0.07308120051290565,0.024213580128074636,86.66666666666667,0.11608363496219147,0.0
selected,sector_NNE,58,0.0643443173795268,0.11786164063310806,0.05747566356774502,93.10344827586206,0.19777510534710735,1.0
selected,sector_NE,472,0.18054514702937258,0.2440688914045407,0.0621834651107414,73.9406779661017,0.458660108298372,2.0
selected,sector_ENE,2645,0.20390517624494522,0.2699407496334363,0.05368422817991732,71.53119092627598,0.5135884886576465,3.0
selected,sector_E,308,0.14310895593226441,0.19582380896795207,-0.05295334744303419,80.84415584415584,0.35968970155922636,4.0
selected,sector_ESE,60,0.13393317858821244,0.1911819672763799,-0.06593456096817898,76.66666666666667,0.26164325599855526,5.0
selected,sector_SE,36,0.14170569135441366,0.2282945440777628,-0.08357813801053154,80.55555555555556,0.2977278831919674,6.0
selected,sector_SSE,32,0.13658004953529354,0.22970837328233992,-0.048988692078107104,78.125,0.34527680038660413,7.0
selected,sector_S,30,0.19381690033732,0.2810167678977984,-0.17098472107214496,50.0,0.2560423161264136,8.0
selected,sector_SSW,55,0.12144521654395452,0.18884256355597798,-0.005810224381917308,81.81818181818183,0.2584055519083453,9.0
selected,sector_SW,437,0.17270114016277183,0.2365081376436146,-0.009873969401024722,76.65903890160183,0.46420009112454985,10.0
selected,sector_WSW,1095,0.15454281573736653,0.21750898172266037,0.03953712525328227,75.98173515981735,0.40462172071986535,11.0
selected,sector_W,439,0.10207941498367427,0.14746630153086143,0.024577378798677035,82.91571753986332,0.29951727503770925,12.0
selected,sector_WNW,93,0.06118792745391334,0.08342501849834877,0.029580704258648182,94.6236559139785,0.16890015793794658,13.0
selected,sector_NW,38,0.04668620649719152,0.06849249563459948,0.038685234709289126,89.47368421052632,0.11675162663966969,14.0
selected,sector_NNW,56,0.05557297763726608,0.10033318554759439,0.05233898138730055,94.64285714285714,0.1585871631579803,15.0
