turbine,lead_day,sector_i,sector,season_year,season,n,median_ratio,q25,q75,mean_power,mean_forecast_wind,mean_measured_wind
t1,1,0,N,2024,autumn,2,0.8144465488215489,0.7729640151515151,0.8559290824915825,0.07583333333333334,3.72,3.1591666666666667
t1,1,0,N,2024,spring,1,0.6749999999999999,0.6749999999999999,0.6749999999999999,0.01,2.0,1.3499999999999999
t1,1,0,N,2024,summer,8,1.4671474358974361,0.7978766025641025,2.852566232500443,0.23020833333333332,2.50125,4.774375
t1,1,0,N,2025,autumn,3,0.9710743801652894,0.897086897684984,1.660120523415978,0.04611111111111111,2.233333333333333,2.975
t1,1,0,N,2025,spring,4,1.2890033446369675,1.0661707862351393,1.4369606256742178,0.02625,2.255,2.7454166666666664
t1,1,0,N,2025,summer,10,1.4480390137569408,1.0528933906024984,2.166839778592595,0.25316666666666665,3.786,5.308333333333333
t1,1,1,NNE,2024,autumn,7,1.044392523364486,0.6618156409639199,1.6475754716600743,0.1652380952380952,2.8414285714285716,3.7104761904761903
t1,1,1,NNE,2024,spring,7,0.7413127413127413,0.6586909714914766,1.077929290185497,0.021190476190476194,2.501428571428572,2.1964285714285716
t1,1,1,NNE,2024,summer,8,2.1291271794334783,1.8664068393261253,2.4144628050538754,0.21708333333333332,2.60625,5.187708333333333
t1,1,1,NNE,2024,winter,2,1.537583148558758,1.1366777531411676,1.9384885439763484,0.0475,2.33,3.478333333333333
t1,1,1,NNE,2025,autumn,6,1.2648319686819398,0.971990937411498,1.9005554596921965,0.11499999999999999,2.5866666666666664,3.788611111111111
t1,1,1,NNE,2025,spring,7,1.251937984496124,1.0339976170200051,1.334736330444485,0.05904761904761906,2.457142857142857,3.220952380952381
t1,1,1,NNE,2025,summer,12,1.4668023751296873,0.7572905251490538,2.0648375010524544,0.26819444444444446,3.9741666666666666,5.548750000000001
t1,1,1,NNE,2026,winter,2,0.9626483572152265,0.9099589303806629,1.0153377840497901,0.020833333333333336,3.105,2.92
t1,1,2,NE,2024,autumn,59,1.1326326326326326,0.7493833118833119,2.1197180829353175,0.19531073446327685,3.516101694915254,4.659788135593221
t1,1,2,NE,2024,spring,29,0.8733087330873309,0.5239197530864197,1.6272163120567376,0.12862068965517243,2.9093103448275865,3.322988505747126
t1,1,2,NE,2024,summer,34,1.2552812071330588,0.6382328551736022,1.9214460951342511,0.19617647058823529,3.646470588235294,4.714117647058823
t1,1,2,NE,2024,winter,6,1.3349113705144835,1.1216353677621285,1.6575141647894054,0.1758333333333333,2.7216666666666662,4.802777777777778
t1,1,2,NE,2025,autumn,160,1.1806321878422783,0.8218600191754555,1.3878147451248717,0.39171875,5.7339375,6.569666666666667
t1,1,2,NE,2025,spring,33,1.353658536585366,0.7917933130699089,2.15625,0.20353535353535354,3.4796969696969695,4.7588888888888885
t1,1,2,NE,2025,summer,46,1.239203740257111,0.9810458914560214,1.770473360898893,0.234981884057971,4.296739130434783,5.466648550724638
t1,1,2,NE,2025,winter,14,1.3952135339488585,0.8305438899868247,2.329419136878814,0.11083333333333334,2.6735714285714285,4.137738095238095
t1,1,2,NE,2026,winter,105,1.1484812150279775,0.8073796122576611,1.4563758389261745,0.3624603174603174,5.726380952380953,6.33068253968254
t1,1,3,ENE,2024,autumn,277,1.487493619193466,1.25,1.6791300097751711,0.5589987966305656,5.693068592057762,8.205714801444044
t1,1,3,ENE,2024,spring,204,1.2860357779475426,0.9826798506028351,1.6236973493100946,0.4154820261437908,5.361372549019608,6.960669934640523
t1,1,3,ENE,2024,summer,119,1.2267050912584054,0.8356281479728042,1.6261717469682069,0.3893697478991597,5.568235294117647,6.737717086834734
t1,1,3,ENE,2024,winter,61,1.579958463136033,1.2275449101796407,1.914655172413793,0.581448087431694,5.3988524590163935,8.202377049180328
t1,1,3,ENE,2025,autumn,677,1.1390321788258413,0.8101135190918473,1.4570815450643777,0.4183392417528311,6.158522895125554,6.940022648941407
t1,1,3,ENE,2025,spring,216,1.4400732537798326,1.1368815727657113,1.7067702761839931,0.5377739197530864,5.814444444444445,8.155717592592593
t1,1,3,ENE,2025,summer,302,1.0509958028409812,0.7398395884588655,1.4173861143373339,0.3957693156732892,6.363940397350993,6.734843267108167
t1,1,3,ENE,2025,winter,415,1.2682316118935837,1.0032307574665182,1.539914250714577,0.40751807228915665,5.4795180722891565,6.978759036144578
t1,1,3,ENE,2026,winter,646,1.1890867390999644,0.9690176528277215,1.4645419951504997,0.4855495356037151,6.566439628482972,7.945061919504644
t1,1,4,E,2024,autumn,585,1.2603092783505154,0.9991055456171736,1.4880251276010992,0.5259772079772079,6.322495726495727,7.822817663817664
t1,1,4,E,2024,spring,396,1.2804122522871277,1.0154602342102343,1.5757233837590978,0.5274267676767677,6.234696969696969,8.016419191919192
t1,1,4,E,2024,summer,137,1.065149136577708,0.7049362174154189,1.593886462882096,0.25518248175182484,4.8231386861313865,5.273856447688565
t1,1,4,E,2024,winter,62,1.425285368384642,1.1123869767614043,1.6048963181474878,0.5773655913978495,6.0045161290322575,8.267096774193547
t1,1,4,E,2025,autumn,94,1.1882179927600474,0.7345478735174367,1.7734527590482174,0.23663120567375887,4.171170212765957,5.037801418439717
t1,1,4,E,2025,spring,447,1.3354483925549916,1.079430914242127,1.5723853879134262,0.6214317673378076,6.816957494407158,8.927734526472783
t1,1,4,E,2025,summer,118,0.8831864780140642,0.5982010582010582,1.4374430167716217,0.22440677966101696,5.169406779661017,4.968079096045198
t1,1,4,E,2025,winter,843,1.2286086309523807,0.9664719462913622,1.4854646176259796,0.5154408857255832,6.3973428232502965,7.891387900355872
t1,1,4,E,2026,winter,65,1.4745845552297165,1.260191846522782,2.099932249322493,0.6177435897435897,5.893230769230769,9.05079487179487
t1,1,5,ESE,2024,autumn,28,1.192641541213642,0.787029036347747,1.6892049822894644,0.16863095238095238,3.3260714285714283,4.351011904761905
t1,1,5,ESE,2024,spring,34,1.3543552188164492,0.8958031675337773,1.7910446696160982,0.16362745098039216,3.4161764705882356,4.691421568627451
t1,1,5,ESE,2024,summer,44,1.3111104602728314,0.6596652678176892,1.9137185262185263,0.19742424242424245,3.4713636363636367,4.646325757575758
t1,1,5,ESE,2025,autumn,9,1.6303418803418803,1.2884902840059789,1.8026143790849674,0.06944444444444445,2.2566666666666664,3.6157407407407405
t1,1,5,ESE,2025,spring,81,1.2592039800995023,0.9906596614127261,1.635386119257087,0.21117283950617285,3.963456790123457,5.1147530864197535
t1,1,5,ESE,2025,summer,31,1.1961843052555796,0.7204708138732406,1.5301854909265376,0.21983870967741936,3.9470967741935485,4.889784946236559
t1,1,5,ESE,2025,winter,6,1.5893026802680268,1.234148611049446,2.225252525252525,0.055,2.2416666666666667,3.7608333333333337
t1,1,5,ESE,2026,winter,2,1.89177559912854,1.4728485838779957,2.310702614379085,0.12583333333333335,2.6550000000000002,4.683333333333334
t1,1,6,SE,2024,autumn,4,1.200279987015095,0.848824501207269,1.5675829624246829,0.10458333333333333,2.6225,3.399166666666667
t1,1,6,SE,2024,spring,8,0.8437481281820904,0.5856996279254716,1.6456482548939828,0.1025,2.71125,3.2504166666666667
t1,1,6,SE,2024,summer,14,1.9850880503144654,1.1122028042154395,2.1864999327685894,0.1766666666666667,2.5450000000000004,4.484166666666666
t1,1,6,SE,2025,autumn,2,2.001570377717167,1.7546078188280023,2.248532936606331,0.13,2.385,4.875
t1,1,6,SE,2025,spring,25,1.5792759051186018,0.765006385696041,1.9520917678812413,0.10653333333333334,2.8072,3.6926
t1,1,6,SE,2025,summer,19,1.1796407185628743,0.7287177877343683,1.804656365140236,0.1393859649122807,3.2094736842105265,3.923421052631579
t1,1,7,SSE,2024,autumn,3,0.7609427609427608,0.6156198953228655,1.2419171636039104,0.1361111111111111,3.046666666666667,3.453333333333333
t1,1,7,SSE,2024,spring,5,1.4025764895330115,0.8870192307692307,1.5726072607260724,0.04633333333333334,2.27,2.616
t1,1,7,SSE,2024,summer,17,1.4062103929024083,0.9588477366255144,1.5732217573221756,0.1588235294117647,3.498823529411765,4.24421568627451
t1,1,7,SSE,2025,autumn,6,1.253824974312869,0.6733386573326763,1.7934591040024257,0.06111111111111111,2.4833333333333334,3.388333333333333
t1,1,7,SSE,2025,spring,12,1.0627572016460904,0.4370025462089777,1.831075662482566,0.12041666666666667,2.795833333333334,3.40875
t1,1,7,SSE,2025,summer,20,0.9840239991939022,0.4077363261372745,1.5519593787335721,0.16183333333333333,2.9855,3.6770000000000005
t1,1,7,SSE,2026,winter,2,1.2771559038494942,1.1728188760171563,1.381492931681832,0.030833333333333334,2.245,2.9141666666666666
t1,1,8,S,2024,autumn,8,1.9300274533881574,1.2562752373676744,2.365611458834858,0.37437499999999996,3.505,6.386458333333334
t1,1,8,S,2024,spring,5,1.1234567901234567,0.6364692218350756,1.149859943977591,0.15133333333333332,2.8240000000000003,3.425666666666667
t1,1,8,S,2024,summer,23,0.9660564454614797,0.5859174298062683,1.6723879982217746,0.1643478260869565,3.497826086956522,3.923405797101449
t1,1,8,S,2025,autumn,7,1.8424242424242423,0.8782494653835873,2.376311964674034,0.3880952380952381,4.47,6.515
t1,1,8,S,2025,spring,11,1.1444954128440366,0.946923076923077,1.4771634309154373,0.08409090909090909,2.6872727272727275,3.5680303030303033
t1,1,8,S,2025,summer,45,0.8813640730067244,0.655261221486387,1.4146942800788957,0.20729629629629628,4.732444444444445,4.8393703703703705
t1,1,8,S,2026,winter,1,2.1682926829268294,2.1682926829268294,2.1682926829268294,0.07166666666666667,2.05,4.445
t1,1,9,SSW,2024,autumn,13,1.140117994100295,0.7615658362989324,1.488241308793456,0.051923076923076926,2.7223076923076923,3.011923076923077
t1,1,9,SSW,2024,spring,10,1.0780398258888617,0.7758719621962196,1.6377136177132703,0.09566666666666666,2.4560000000000004,3.2984999999999998
t1,1,9,SSW,2024,summer,36,0.9357591955435406,0.6156521345790748,1.2700275480732,0.16435185185185186,4.2425,4.222222222222222
t1,1,9,SSW,2025,autumn,23,1.4265975820379966,1.1331352065321805,1.7990948969826168,0.21413043478260868,3.5852173913043477,5.084420289855073
t1,1,9,SSW,2025,spring,27,1.1906666666666665,0.8057090758703662,1.7269612056615666,0.10592592592592592,2.966296296296296,3.8501234567901235
t1,1,9,SSW,2025,summer,39,1.1659513590844064,0.8457559751670374,1.7047346187217571,0.2956837606837607,4.6000000000000005,6.060470085470085
t1,1,9,SSW,2025,winter,7,0.7852713178294574,0.48168649699261945,1.1671117044948822,0.039523809523809524,2.508571428571429,2.407857142857143
t1,1,9,SSW,2026,winter,7,1.6163617886178863,0.7883667120189266,1.714430320150659,0.0661904761904762,3.5928571428571425,4.1311904761904765
t1,1,10,SW,2024,autumn,79,1.1796594982078854,0.7664415373147153,1.5707430786977699,0.23533755274261606,4.427848101265823,5.094472573839663
t1,1,10,SW,2024,spring,42,1.0451332734351602,0.643287037037037,1.297792410836201,0.14198412698412696,3.9633333333333334,4.1317063492063495
t1,1,10,SW,2024,summer,68,1.228399150522686,0.5112578541633666,1.5824696808567777,0.19666666666666666,4.349558823529412,4.6599264705882355
t1,1,10,SW,2024,winter,2,1.049833786667736,1.0143665654182707,1.0853010079172014,0.9891666666666665,10.965,11.46
t1,1,10,SW,2025,autumn,107,1.218294051627385,0.9000230653738595,1.5527036171259843,0.3511370716510903,4.971028037383177,6.140420560747663
t1,1,10,SW,2025,spring,96,0.9524636243386244,0.5620104176198358,1.1991699253624741,0.14835069444444446,4.2387500000000005,4.0471875
t1,1,10,SW,2025,summer,79,1.2125420875420876,0.8363883158864798,1.8659826082416187,0.2810126582278481,4.721645569620253,5.819282700421941
t1,1,10,SW,2025,winter,74,1.1287544652620833,0.7310289614719598,1.6112936900711414,0.15912162162162163,3.8216216216216217,4.448288288288288
t1,1,10,SW,2026,winter,99,1.2409326424870466,0.9204410759060861,1.6157767487851054,0.3524579124579124,5.3022222222222215,6.498653198653199
t1,1,11,WSW,2024,autumn,465,0.9848484848484849,0.7521694742215415,1.2102502017756254,0.479,7.752043010752688,7.458272401433692
t1,1,11,WSW,2024,spring,533,0.9571133633633634,0.7994221411192214,1.1583194212576515,0.5262445278298937,8.489418386491556,8.017517198248907
t1,1,11,WSW,2024,summer,166,0.7755235409394129,0.47922940871032654,1.118357364459954,0.2357429718875502,6.371204819277108,5.040090361445783
t1,1,11,WSW,2024,winter,100,1.069160919141857,0.8278402500851306,1.2617478025693036,0.36743333333333333,7.358,7.30939
t1,1,11,WSW,2025,autumn,352,1.0818796282933674,0.8288140064665279,1.3729482323232323,0.44445549242424237,6.623068181818183,7.06515625
t1,1,11,WSW,2025,spring,491,0.91574780887758,0.6773391322303384,1.2053821951848123,0.4746293279022403,7.960325865580448,7.388587236931432
t1,1,11,WSW,2025,summer,507,0.9002650762094102,0.5843451630336877,1.2084274421230945,0.355776134122288,7.066785009861933,6.254878369493754
t1,1,11,WSW,2025,winter,360,1.0004333178875124,0.769174541861497,1.264977334749198,0.35215277777777776,6.611916666666667,6.526160185185185
t1,1,11,WSW,2026,winter,264,1.0737204338294681,0.7261187573284155,1.3566468638459181,0.32765151515151514,6.07159090909091,6.089191919191919
t1,1,12,W,2024,autumn,291,0.9164237123420798,0.7516519823788546,1.092078136485915,0.4545647193585338,8.070962199312715,7.298569301260023
t1,1,12,W,2024,spring,348,0.916014455782313,0.7642639498613679,1.1133576287388902,0.485639846743295,8.334971264367816,7.657181992337165
t1,1,12,W,2024,summer,173,0.8084451901565995,0.6229674796747967,1.027777777777778,0.24943159922928707,6.633468208092485,5.349768786127168
t1,1,12,W,2024,winter,34,1.2425263622148268,1.0914596686024935,1.5493828463660417,0.23401960784313725,5.477647058823529,6.276691176470588
t1,1,12,W,2025,autumn,266,1.0892624324827715,0.8124371584080257,1.3464850610920198,0.4598057644110276,6.830601503759398,7.237813283208021
t1,1,12,W,2025,spring,377,0.8489268024215739,0.6476228001050697,1.0581902425729082,0.466077807250221,8.543076923076923,7.340754199823166
t1,1,12,W,2025,summer,447,0.883068288119738,0.604334728720348,1.135520002545182,0.3359992542878449,6.921812080536913,6.0807665920954515
t1,1,12,W,2025,winter,125,0.9107806691449815,0.7931331953071082,1.186637618010167,0.5531066666666666,9.67736,8.81908
t1,1,12,W,2026,winter,89,1.0891238670694865,0.8261931604659902,1.4425770308123251,0.3733520599250936,6.079325842696629,6.505786516853933
t1,1,13,WNW,2024,autumn,45,1.098138747884941,0.6147435897435898,1.259423972892842,0.28370370370370374,5.424,5.368555555555556
t1,1,13,WNW,2024,spring,45,0.9690058479532163,0.6952214452214452,1.1488833746898262,0.1625925925925926,4.366,4.356777777777778
t1,1,13,WNW,2024,summer,56,0.7941422126937335,0.5463723745726048,1.0536806225868727,0.17788690476190475,5.6085714285714285,4.514107142857143
t1,1,13,WNW,2024,winter,6,1.3856668106118923,1.3573092006033183,1.6824140118651625,0.08361111111111112,2.566666666666667,4.216111111111111
t1,1,13,WNW,2025,autumn,66,1.1453151246931128,0.8715716066697834,1.354124040920716,0.3063131313131313,5.459090909090909,5.954999999999999
t1,1,13,WNW,2025,spring,61,0.8464260438782731,0.6369798971482001,1.0908455625436757,0.18012295081967214,5.38672131147541,4.588054644808743
t1,1,13,WNW,2025,summer,141,0.9005922165820643,0.6477611940298507,1.194621372965322,0.2701300236406619,5.634326241134751,5.39998817966903
t1,1,13,WNW,2025,winter,8,1.1750702898851817,0.9771106036349938,1.6184085897378977,0.11541666666666668,3.64375,4.435416666666667
t1,1,13,WNW,2026,winter,7,0.962395917271018,0.8160834668110624,1.6405561166418186,0.3557142857142857,5.238571428571428,5.956190476190477
t1,1,14,NW,2024,autumn,4,0.9185902320230678,0.7690108485351023,1.7548812350256393,0.23125,2.5675,4.33375
t1,1,14,NW,2024,spring,8,0.9766964735028838,0.9085355133614627,1.1746193924203394,0.03958333333333333,2.50875,2.7852083333333333
t1,1,14,NW,2024,summer,18,0.8003547181609743,0.5337470332278481,1.4050365869553707,0.1412037037037037,3.761111111111111,3.7693518518518516
t1,1,14,NW,2024,winter,1,3.149399399399399,3.149399399399399,3.149399399399399,0.2866666666666667,2.22,6.991666666666667
t1,1,14,NW,2025,autumn,12,0.981863150195676,0.3308331191363578,1.4399783549783551,0.14444444444444446,3.3441666666666667,3.3808333333333334
t1,1,14,NW,2025,spring,11,1.0723039215686274,0.8830202284984121,1.26989684762794,0.03666666666666667,2.688181818181818,2.9430303030303033
t1,1,14,NW,2025,summer,23,1.1826568265682658,0.6061850738108256,1.8363077496274218,0.19807971014492753,4.178260869565217,4.671304347826087
t1,1,14,NW,2026,winter,1,1.0741626794258374,1.0741626794258374,1.0741626794258374,0.01,2.09,2.245
t1,1,15,NNW,2024,autumn,2,2.2524059368500664,1.57271459633201,2.9320972773681224,0.3175,2.3049999999999997,5.4025
t1,1,15,NNW,2024,spring,1,2.137984496124031,2.137984496124031,2.137984496124031,0.13,2.15,4.596666666666667
t1,1,15,NNW,2024,summer,2,0.7831267217630854,0.7256542699724517,0.840599173553719,0.023333333333333334,2.31,1.8216666666666668
t1,1,15,NNW,2024,winter,1,2.848341232227489,2.848341232227489,2.848341232227489,0.17,2.11,6.010000000000001
t1,1,15,NNW,2025,autumn,2,0.5556379007465965,0.5208745059288539,0.5904012955643392,0.01,2.6449999999999996,1.461666666666667
t1,1,15,NNW,2025,spring,8,0.8904829892852657,0.5485128826091205,1.4351051630586789,0.07354166666666666,2.9625,2.7843750000000003
t1,1,15,NNW,2025,summer,9,0.9803352675693101,0.8713872832369942,1.311248527679623,0.19999999999999998,4.8533333333333335,5.081296296296297
t1,2,0,N,2024,autumn,4,3.6565811755708513,2.7385338442068434,4.086643518518518,0.4354166666666667,2.3975,6.9475
t1,2,0,N,2024,spring,1,2.1848958333333335,2.1848958333333335,2.1848958333333335,0.22166666666666668,2.56,5.593333333333334
t1,2,0,N,2024,summer,10,1.0311642512077295,0.7762721724622409,1.216006942959383,0.05233333333333333,2.499,2.6195
t1,2,0,N,2025,autumn,4,0.4395182291666667,0.3310743035762758,0.5636178861788619,0.017083333333333336,3.195,1.4570833333333335
t1,2,0,N,2025,spring,5,0.9785156249999999,0.9745920745920746,1.4842767295597485,0.22599999999999998,4.8340000000000005,5.116666666666666
t1,2,0,N,2025,summer,9,0.8525,0.4139941690962099,1.404535864978903,0.14425925925925925,3.9566666666666666,3.592222222222222
t1,2,1,NNE,2024,autumn,7,0.8869918699186993,0.5954593219401583,1.1065788797698404,0.13952380952380952,2.5357142857142856,3.2199999999999998
t1,2,1,NNE,2024,spring,2,2.4723311302789295,1.5112393114521492,3.4334229491057098,0.4316666666666667,2.315,5.8291666666666675
t1,2,1,NNE,2024,summer,8,1.1003812781050097,0.658009042877464,1.6098801652892565,0.04604166666666667,2.9975,3.37
t1,2,1,NNE,2025,autumn,10,1.0244832972843068,0.6942836694050287,2.082385955635633,0.08633333333333335,2.549,3.275666666666667
t1,2,1,NNE,2025,spring,4,1.8142262223201266,0.7680591745974943,2.9241971207087483,0.22208333333333335,3.515,5.073333333333333
t1,2,1,NNE,2025,summer,13,2.0518084066471163,0.6462728551336145,2.4869186046511627,0.21820512820512822,2.773076923076923,4.7012820512820515
t1,2,1,NNE,2026,winter,8,1.1900386357580601,0.7918788419113709,1.8784376153562201,0.03166666666666667,2.71,3.2875
t1,2,2,NE,2024,autumn,46,0.9955137659783678,0.6113324303508353,2.1249821282679737,0.20797101449275363,3.3245652173913043,4.571141304347826
t1,2,2,NE,2024,spring,27,1.004273504273504,0.5572523262178435,2.0133049236157983,0.19074074074074077,3.294074074074074,4.291049382716049
t1,2,2,NE,2024,summer,42,1.0251382057792782,0.634325972769369,1.6340168318708699,0.23781746031746032,4.444523809523809,5.03468253968254
t1,2,2,NE,2024,winter,8,1.4257600783674405,1.0835510770769736,1.726496246133892,0.033125,2.76,3.8914583333333335
t1,2,2,NE,2025,autumn,164,1.1368969866437761,0.685575338396655,1.3727324336403057,0.35182926829268296,5.736280487804878,6.1491544715447155
t1,2,2,NE,2025,spring,26,1.522275700357892,0.7347606418762667,2.21062281895073,0.20564102564102565,2.8646153846153846,4.553910256410257
t1,2,2,NE,2025,summer,34,1.4316502130873388,0.774827882960413,1.7853734432314092,0.24543627450980393,3.581764705882353,5.132102941176471
t1,2,2,NE,2025,winter,7,1.8777777777777778,1.620959595959596,2.0996389961576805,0.11285714285714286,2.5242857142857145,4.60452380952381
t1,2,2,NE,2026,winter,100,1.1997198873841275,0.8630639717823791,1.406634897360704,0.3887833333333333,5.8274,6.7943
t1,2,3,ENE,2024,autumn,304,1.3453666002177265,0.9068976648882703,1.60247234041408,0.49065021929824565,5.780328947368421,7.510952850877192
t1,2,3,ENE,2024,spring,194,1.1297501820627271,0.7809704601550095,1.595945515672123,0.3738831615120275,5.412010309278351,6.4063402061855665
t1,2,3,ENE,2024,summer,118,1.277413177065955,0.8398260191930512,1.505302425136209,0.3694774011299435,5.485593220338982,6.620508474576272
t1,2,3,ENE,2024,winter,60,1.509166836157308,1.356324187304517,1.7605846744171365,0.4726388888888889,4.952833333333333,7.313277777777778
t1,2,3,ENE,2025,autumn,666,1.1132636432979681,0.7830900520773938,1.4335906562722114,0.41709309309309306,6.220420420420421,6.887883383383383
t1,2,3,ENE,2025,spring,213,1.3320341499628803,1.028532608695652,1.5881944444444445,0.5179851330203443,5.985117370892018,7.94472613458529
t1,2,3,ENE,2025,summer,305,1.0426800190748688,0.6957885304659498,1.4035087719298245,0.3650185792349727,6.070065573770491,6.382555191256831
t1,2,3,ENE,2025,winter,394,1.298366677194628,1.0534748510692884,1.5924694516916265,0.3849703891708968,5.191015228426396,6.846560913705584
t1,2,3,ENE,2026,winter,663,1.2041163726400497,0.9489059190566145,1.4529351591441446,0.4780392156862745,6.484374057315234,7.807727501256913
t1,2,4,E,2024,autumn,597,1.1653645833333333,0.9274300932090546,1.4349358974358972,0.49900614182021213,6.389112227805695,7.5251982132886654
t1,2,4,E,2024,spring,405,1.2177905701754383,0.9417862838915472,1.4975704567541301,0.5250625514403292,6.694172839506172,8.034879835390946
t1,2,4,E,2024,summer,133,1.0294784580498868,0.5562053281351528,1.4835737179487178,0.2750751879699248,5.236616541353384,5.4668671679197995
t1,2,4,E,2024,winter,55,1.5527306967984933,1.1789139571718987,1.8411155647817754,0.6523333333333333,5.796363636363637,8.661848484848484
t1,2,4,E,2025,autumn,101,1.179771505376344,0.734703196347032,1.6906666666666665,0.2884818481848185,4.689405940594059,5.58003300330033
t1,2,4,E,2025,spring,493,1.30466472303207,1.032996632996633,1.5393617021276595,0.5793238674780258,6.648073022312373,8.513
t1,2,4,E,2025,summer,88,1.0261350345560873,0.6904649432040736,1.5596978557504872,0.27732954545454547,5.2176136363636365,5.579299242424242
t1,2,4,E,2025,winter,861,1.2613689639006094,0.9644035832154643,1.5563304721030042,0.5219163763066202,6.314703832752613,7.934926442121563
t1,2,4,E,2026,winter,57,1.4016260162601628,1.1592435489572288,1.5531651829871413,0.5717543859649122,6.294736842105263,8.713216374269006
t1,2,5,ESE,2024,autumn,33,0.9901129943502824,0.5881834215167548,1.8073593073593073,0.14222222222222222,3.2084848484848485,3.768939393939394
t1,2,5,ESE,2024,spring,35,1.0819964349376114,0.8264680121196828,1.608439620986807,0.19614285714285715,3.8640000000000003,4.779095238095238
t1,2,5,ESE,2024,summer,22,1.630336393292354,1.2036822603056971,1.9272199309080655,0.1759848484848485,2.8059090909090907,4.55969696969697
t1,2,5,ESE,2025,autumn,19,1.1055381400208988,0.7265244452462565,1.5604667072058378,0.09149122807017544,2.7210526315789476,3.3304385964912284
t1,2,5,ESE,2025,spring,76,1.1859345267642922,0.9216403866394872,1.5862527896596617,0.19780701754385965,3.989342105263158,4.860986842105263
t1,2,5,ESE,2025,summer,28,1.3632508558979148,0.62552950628104,2.128009961904374,0.26470238095238097,3.830357142857143,5.261607142857143
t1,2,5,ESE,2025,winter,8,1.530855919442876,1.0407477613840517,1.6757203700858638,0.07770833333333334,2.69,3.9000000000000004
t1,2,5,ESE,2026,winter,4,1.9306878306878308,1.16526774133778,2.47798677862483,0.36291666666666667,3.12,5.810416666666667
t1,2,6,SE,2024,autumn,2,1.5997643774157366,1.2272749279817956,1.9722538268496774,0.40499999999999997,3.0549999999999997,5.658333333333333
t1,2,6,SE,2024,spring,6,1.2726339481774267,0.6829710144927537,1.7842261904761905,0.12694444444444444,2.783333333333333,3.9022222222222225
t1,2,6,SE,2024,summer,17,2.2927429274292743,1.1876876876876876,2.617460317460317,0.27176470588235296,2.728823529411765,5.326470588235294
t1,2,6,SE,2025,autumn,5,0.5567484662576688,0.4510117145899894,1.0357142857142858,0.022,2.77,2.1613333333333333
t1,2,6,SE,2025,spring,23,0.7448559670781891,0.41610144057623055,1.5985215734510287,0.08326086956521739,2.858695652173913,2.8650724637681155
t1,2,6,SE,2025,summer,15,0.7429577464788732,0.48837178340149967,1.9216735966735967,0.19166666666666668,3.9066666666666667,4.282333333333333
t1,2,6,SE,2026,winter,1,2.610225763612218,2.610225763612218,2.610225763612218,0.01,2.51,6.551666666666667
t1,2,7,SSE,2024,autumn,3,2.2252066115702482,1.4007612005219663,2.417802735984554,0.14777777777777779,2.853333333333333,4.561111111111111
t1,2,7,SSE,2024,spring,2,1.5154062925802059,1.151933915520872,1.8788786696395394,0.05083333333333333,2.205,3.243333333333333
t1,2,7,SSE,2024,summer,25,1.2941567065073043,0.8075880758807588,1.7051282051282053,0.12493333333333334,2.8336,3.7363999999999997
t1,2,7,SSE,2025,autumn,7,1.123249299719888,0.7715272682807532,1.5897447939029625,0.1769047619047619,3.132857142857143,4.145952380952381
t1,2,7,SSE,2025,spring,2,2.356320628082662,1.7560111912343135,2.9566300649310104,0.4033333333333333,2.925,6.754166666666666
t1,2,7,SSE,2025,summer,11,1.324594257178527,0.6905716198610307,2.169462729609429,0.2131818181818182,3.069090909090909,4.593939393939394
t1,2,7,SSE,2026,winter,2,2.162626766293562,2.0689778568309913,2.2562756757561324,0.09416666666666668,2.625,5.599166666666667
t1,2,8,S,2024,autumn,4,1.0866182170542635,0.5521402672096596,1.8443976098191215,0.10166666666666666,2.875,3.3166666666666664
t1,2,8,S,2024,summer,22,0.7732053545160342,0.40142207396897756,1.3540356394129978,0.09674242424242424,3.514545454545454,3.1270454545454545
t1,2,8,S,2025,autumn,10,1.851725627858129,1.2171760118188688,2.492243867243867,0.2781666666666667,3.271,5.791833333333334
t1,2,8,S,2025,spring,4,1.1269103925353925,0.849991360408027,1.461267141350211,0.04,2.3,2.73625
t1,2,8,S,2025,summer,15,1.2388663967611335,0.9974695481335952,1.4060453893308988,0.2378888888888889,4.078666666666667,5.453
t1,2,8,S,2026,winter,3,2.579545454545454,1.4422623538287436,2.973962758425375,0.16722222222222224,2.25,4.539444444444444
t1,2,9,SSW,2024,autumn,12,1.7366213903443248,0.8829516219239374,2.172333282530651,0.2625,3.390833333333333,5.504722222222223
t1,2,9,SSW,2024,spring,7,0.6948853615520282,0.6519350747291923,1.0288597869405272,0.026190476190476188,2.915714285714286,2.381190476190476
t1,2,9,SSW,2024,summer,34,0.9167565155590014,0.41066230990092767,1.2067447908440991,0.1640686274509804,4.253823529411765,3.9430392156862744
t1,2,9,SSW,2025,autumn,17,1.4729093050647823,0.8848039215686274,2.010416666666667,0.19637254901960785,3.7252941176470586,4.985196078431373
t1,2,9,SSW,2025,spring,19,1.0949685534591196,0.6801719961240309,1.8686020451043563,0.10464912280701755,3.083684210526316,3.589035087719298
t1,2,9,SSW,2025,summer,29,1.0467661691542287,0.7255192878338278,1.8357357357357356,0.2847126436781609,4.336206896551724,5.750459770114942
t1,2,9,SSW,2025,winter,1,1.3149606299212597,1.3149606299212597,1.3149606299212597,0.011666666666666667,2.54,3.34
t1,2,9,SSW,2026,winter,7,1.5818505338078293,0.9143321501940326,2.1048021404672603,0.06571428571428571,3.8428571428571425,4.914523809523809
t1,2,10,SW,2024,autumn,91,1.30939226519337,0.8474358974358974,1.7022826859668607,0.32880952380952383,4.293846153846154,5.719542124542125
t1,2,10,SW,2024,spring,50,0.8822756901840492,0.49159034315732025,1.221266567477431,0.12736666666666666,3.6322,3.6848
t1,2,10,SW,2024,summer,62,0.8952152289487223,0.4405929657122658,1.4147647890683568,0.136747311827957,4.164032258064516,3.9158870967741937
t1,2,10,SW,2024,winter,1,2.7282913165266107,2.7282913165266107,2.7282913165266107,0.8300000000000001,3.57,9.74
t1,2,10,SW,2025,autumn,115,1.239071038251366,0.9391247729687124,1.3845423781990946,0.3745217391304348,5.454956521739131,6.5404347826086955
t1,2,10,SW,2025,spring,75,1.1525054466230937,0.5727559303031001,1.8204555457746479,0.2421777777777778,4.169066666666667,4.991688888888889
t1,2,10,SW,2025,summer,102,1.1817706592203674,0.8168720388873253,1.6635199665891827,0.2812254901960784,4.850196078431372,5.75919934640523
t1,2,10,SW,2025,winter,59,0.959987397605545,0.6178880595480435,1.4169821753838148,0.1996045197740113,4.159661016949152,4.552146892655367
t1,2,10,SW,2026,winter,101,1.2353801169590644,0.8034865293185419,1.6558664702994599,0.3252145214521452,5.238217821782178,6.171617161716172
t1,2,11,WSW,2024,autumn,456,0.9486061851669971,0.7104439495232784,1.1678794536107127,0.4626973684210526,7.923004385964912,7.323951023391813
t1,2,11,WSW,2024,spring,567,0.9459427489945588,0.7585678383915995,1.1843894716394718,0.5252057613168724,8.492345679012345,7.976793062904173
t1,2,11,WSW,2024,summer,152,0.7708602022859161,0.4915804206832653,1.188969543890475,0.2585087719298246,6.237171052631578,5.198947368421052
t1,2,11,WSW,2024,winter,70,1.164611283109735,0.9702598813455718,1.4102808471767185,0.2595952380952381,5.642,6.344404761904762
t1,2,11,WSW,2025,autumn,328,1.0872948647596536,0.7657367056428966,1.3860091490299824,0.44010162601626013,6.624664634146341,7.011844512195123
t1,2,11,WSW,2025,spring,479,0.9202823691460055,0.6659478843586104,1.2004739631160086,0.48019415448851777,7.900855949895616,7.446805149617258
t1,2,11,WSW,2025,summer,487,0.9105007473841557,0.5895218786616435,1.2562099175859862,0.3418193018480493,6.7287679671457905,6.100027378507871
t1,2,11,WSW,2025,winter,361,0.9717030114226376,0.7696783025325119,1.2332572298325724,0.359247460757156,6.99387811634349,6.651821791320406
t1,2,11,WSW,2026,winter,246,1.1194824508738708,0.8142834619861088,1.4207717438139122,0.36845528455284554,6.1155284552845535,6.56789972899729
t1,2,12,W,2024,autumn,266,0.948773875489859,0.7146123011399224,1.1387489903973125,0.515,8.534699248120301,7.881824561403509
t1,2,12,W,2024,spring,293,0.8691281473130402,0.6764901764901766,1.1389177939646202,0.4632536973833902,8.593481228668942,7.4803868031854375
t1,2,12,W,2024,summer,179,0.772640791476408,0.5038424036281179,1.032970412272738,0.22215083798882682,6.5957541899441345,5.019413407821229
t1,2,12,W,2024,winter,52,1.4621683673469388,1.2778523508355843,1.7733333333333334,0.21019230769230768,3.512307692307693,5.594198717948718
t1,2,12,W,2025,autumn,251,1.0078541001064965,0.7509669349227276,1.3560334968358452,0.45822045152722446,6.968406374501992,7.152868525896414
t1,2,12,W,2025,spring,379,0.8408292340126494,0.6485688528284878,1.0639182692307694,0.4487985927880387,8.3732981530343,7.158977132805629
t1,2,12,W,2025,summer,459,0.892007797270955,0.6239746926970353,1.226387875193869,0.32222657952069717,6.458562091503268,5.92221278140886
t1,2,12,W,2025,winter,133,0.8505952380952381,0.697432993582484,1.1948249619482496,0.4823684210526316,9.206315789473685,8.025501253132832
t1,2,12,W,2026,winter,90,1.0979809816054358,0.7647318007662836,1.5119918837041058,0.33075925925925925,5.834888888888889,6.025092592592593
t1,2,13,WNW,2024,autumn,49,1.2182596291012842,0.8340336134453781,1.6707988980716253,0.30578231292517005,4.759387755102041,5.930714285714286
t1,2,13,WNW,2024,spring,64,1.1209434042462756,0.807841362665924,1.6981608948613671,0.2641145833333333,4.30359375,5.286119791666667
t1,2,13,WNW,2024,summer,61,0.9576552139843278,0.634207240948814,1.217705510388437,0.18472677595628414,4.959180327868852,4.6447540983606554
t1,2,13,WNW,2024,winter,6,1.6730197365129063,1.4330693815987934,1.795370995444359,0.05027777777777778,2.5866666666666664,3.7463888888888888
t1,2,13,WNW,2025,autumn,81,1.2147941813679977,0.8226072607260727,1.4964699949571356,0.34843621399176955,5.243703703703704,6.232695473251028
t1,2,13,WNW,2025,spring,72,0.9878021959158625,0.5730403699153699,1.477286940958816,0.1495138888888889,4.549722222222222,4.354421296296296
t1,2,13,WNW,2025,summer,186,0.9695989612410969,0.6239599044746105,1.305169949623592,0.25998924731182793,5.784408602150538,5.415718637992832
t1,2,13,WNW,2025,winter,5,1.0467102871683025,0.9458847736625514,1.3242424242424242,0.41600000000000004,6.970000000000001,7.190333333333333
t1,2,13,WNW,2026,winter,13,0.9821623093681917,0.5789163722025913,1.1354372123602892,0.31397435897435894,5.325384615384616,5.173076923076923
t1,2,14,NW,2024,autumn,11,0.9889380530973452,0.7738907108324071,1.6023728813559324,0.12000000000000001,3.6045454545454545,3.9228787878787883
t1,2,14,NW,2024,spring,7,0.560478199718706,0.5325974295190713,0.6397564139129962,0.012142857142857141,2.532857142857143,1.731190476190476
t1,2,14,NW,2024,summer,19,0.8245192307692307,0.6808757787606412,1.7772642390289448,0.2357894736842105,4.12421052631579,5.2169298245614035
t1,2,14,NW,2025,autumn,12,1.1596816385595816,0.8259591325504032,1.4139285714285712,0.15322222222222223,3.6483333333333334,3.8386666666666667
t1,2,14,NW,2025,spring,18,0.8599877450980392,0.55902532043721,1.2464819528238644,0.06935185185185186,2.913333333333333,2.9718518518518517
t1,2,14,NW,2025,summer,30,0.9723380005158027,0.560581727337616,1.3273080065359477,0.15044444444444446,4.226333333333334,4.003555555555556
t1,2,14,NW,2026,winter,2,1.5636792452830188,1.3875786163522013,1.7397798742138364,0.043333333333333335,2.12,3.315
t1,2,15,NNW,2024,autumn,3,1.0952380952380951,0.8510378510378511,1.1483889751552794,0.23055555555555554,4.346666666666667,4.45
t1,2,15,NNW,2024,spring,1,2.1298283261802577,2.1298283261802577,2.1298283261802577,0.7716666666666666,4.66,9.925
t1,2,15,NNW,2024,summer,9,0.7313988095238095,0.6823671497584543,2.5708200212992547,0.21666666666666667,2.7455555555555557,4.637592592592593
t1,2,15,NNW,2025,autumn,1,0.2531584062196307,0.2531584062196307,0.2531584062196307,0.01,3.43,0.8683333333333333
t1,2,15,NNW,2025,spring,2,1.278826495372289,1.1436783395496617,1.4139746511949163,0.05916666666666667,2.6950000000000003,3.4883333333333333
t1,2,15,NNW,2025,summer,11,0.9552169898430285,0.7945349254748733,1.5971363675882455,0.24151515151515152,3.9272727272727277,4.98560606060606
t1,2,15,NNW,2026,winter,2,1.0539969461392737,0.8947606013951456,1.213233290883402,0.015,2.3,2.4783333333333335
t2,1,0,N,2024,autumn,2,0.7695356341189674,0.7126999158249159,0.826371352413019,0.07583333333333334,3.72,3.04
t2,1,0,N,2024,spring,1,0.6408333333333333,0.6408333333333333,0.6408333333333333,0.01,2.0,1.2816666666666665
t2,1,0,N,2024,summer,16,1.4745208845208846,1.063931084245178,1.904042613792346,0.17947916666666666,2.8268750000000002,4.748291666666667
t2,1,0,N,2025,autumn,3,1.0123966942148759,0.9513737857039292,1.7336983471074379,0.04888888888888889,2.233333333333333,3.1300000000000003
t2,1,0,N,2025,spring,6,1.5384021976367879,1.2012467082081526,2.612371206679488,0.33416666666666667,2.856666666666667,5.880833333333334
t2,1,0,N,2025,summer,10,1.432937406507747,1.1096769399511033,2.2092385476979928,0.25833333333333336,3.786,5.487
t2,1,1,NNE,2024,autumn,7,1.071651090342679,0.7044752467303217,1.847946832145867,0.1626190476190476,2.8414285714285716,3.8802380952380955
t2,1,1,NNE,2024,spring,7,0.8168908819133034,0.6905098755279261,1.0891976482376873,0.011190476190476192,2.501428571428572,2.2538095238095237
t2,1,1,NNE,2024,summer,19,1.6829268292682926,1.503141958295945,2.214400247831475,0.1573684210526316,2.6973684210526314,4.77921052631579
t2,1,1,NNE,2024,winter,2,1.7519401330376938,1.362758684405026,2.1411215816703617,0.05166666666666667,2.33,3.980833333333333
t2,1,1,NNE,2025,autumn,6,1.3859068728806552,0.939638204474653,1.972123791094568,0.11944444444444445,2.5866666666666664,3.9327777777777775
t2,1,1,NNE,2025,spring,7,1.2380952380952384,1.1016977798694216,1.3873839704561335,0.05880952380952382,2.457142857142857,3.3376190476190475
t2,1,1,NNE,2025,summer,12,1.5009680228249591,0.756562893407143,2.1473632401850224,0.25472222222222224,3.9741666666666666,5.553194444444444
t2,1,1,NNE,2026,winter,2,1.029375633232016,0.9750158308004053,1.083735435663627,0.019166666666666665,3.105,3.125
t2,1,2,NE,2024,autumn,57,1.1226226226226226,0.7567567567567567,2.193578847969783,0.175,3.5208771929824563,4.652192982456141
t2,1,2,NE,2024,spring,30,0.8999354117109597,0.49798235735735735,1.8591334468881981,0.1361888888888889,2.885,3.5188888888888887
t2,1,2,NE,2024,summer,70,1.2287307775611866,0.6636700913242009,1.914665064102564,0.1924095238095238,3.6188571428571428,4.747523809523809
t2,1,2,NE,2024,winter,5,1.119131455399061,1.0678362573099414,1.5804150453955903,0.018666666666666668,2.776,3.528
t2,1,2,NE,2025,autumn,165,1.2368913857677903,0.84029590948651,1.4526315789473683,0.41384848484848485,5.776242424242424,6.887686868686868
t2,1,2,NE,2025,spring,32,1.3672082420860232,0.9620942028985507,2.3466064723881295,0.21421875,3.4346875,5.086510416666667
t2,1,2,NE,2025,summer,46,1.269688679245283,0.9971309196873187,1.8684959124488798,0.2353623188405797,4.278478260869565,5.562771739130435
t2,1,2,NE,2025,winter,14,1.3864973973175272,0.8537305850915772,2.4598184654188238,0.11321428571428571,2.6735714285714285,4.2335714285714285
t2,1,2,NE,2026,winter,105,1.1844771241830065,0.8044444444444444,1.5206935123042506,0.3692063492063492,5.726380952380953,6.535555555555556
t2,1,3,ENE,2024,autumn,267,1.5019550342130987,1.2796933205536067,1.6772925843844337,0.5451061173533083,5.757153558052435,8.324459425717851
t2,1,3,ENE,2024,spring,209,1.3526960784313724,1.0017361111111112,1.6810584958217272,0.43153907496012756,5.348516746411483,7.314985645933015
t2,1,3,ENE,2024,summer,207,1.3057006092254133,0.8583510928367586,1.6383264781491003,0.4034009661835749,5.389033816425121,6.9070080515297905
t2,1,3,ENE,2024,winter,60,1.6330498800241613,1.2194982058329515,1.9102672293537277,0.5854166666666667,5.425333333333333,8.390944444444445
t2,1,3,ENE,2025,autumn,676,1.129442448215472,0.8052539439002321,1.4653405764101228,0.4044492110453649,6.157041420118343,6.908216469428008
t2,1,3,ENE,2025,spring,216,1.4763981392813208,1.178217568332671,1.7270161888005982,0.5615663580246913,5.97050925925926,8.603811728395062
t2,1,3,ENE,2025,summer,306,1.0924945724867086,0.7457672351729103,1.4680094159966144,0.40011002178649235,6.383006535947713,6.873139433551199
t2,1,3,ENE,2025,winter,411,1.289381153305204,1.0012733767144724,1.590894127133294,0.41091240875912405,5.4791970802919705,7.128430656934306
t2,1,3,ENE,2026,winter,642,1.2019476287007638,0.9869653462875776,1.4552594932193108,0.477447559709242,6.5497819314641745,7.979569055036345
t2,1,4,E,2024,autumn,580,1.2623324992293603,0.9865104049312776,1.4819122843983115,0.5087614942528735,6.30703448275862,7.790241379310345
t2,1,4,E,2024,spring,423,1.3213689482470785,1.0241242264236643,1.6075050756736804,0.5301615445232466,6.26581560283688,8.20801024428684
t2,1,4,E,2024,summer,194,1.0698403249892956,0.7034113622386224,1.4605029918691987,0.25922680412371135,4.842061855670103,5.309398625429553
t2,1,4,E,2024,winter,61,1.4192090395480226,1.1339637509850276,1.61632183908046,0.5665027322404371,5.990163934426229,8.210464480874316
t2,1,4,E,2025,autumn,94,1.155488069953174,0.7018612516384424,1.6851763658548733,0.22471631205673762,4.171170212765957,4.945939716312057
t2,1,4,E,2025,spring,440,1.3350157349101752,1.0837378995700875,1.5737095677165254,0.6079545454545454,6.8092500000000005,8.97050946969697
t2,1,4,E,2025,summer,119,0.924053266749896,0.6057993502047001,1.409566343774048,0.22592436974789915,5.202352941176471,5.06532212885154
t2,1,4,E,2025,winter,825,1.2363387978142077,0.9529454022988507,1.4879032258064515,0.4905919191919192,6.351818181818182,7.842270707070707
t2,1,4,E,2026,winter,62,1.4940013274864268,1.2442678872461777,2.1138397696476963,0.5873387096774193,5.596129032258064,8.620779569892473
t2,1,5,ESE,2024,autumn,28,1.1326205959072708,0.7564515947509398,1.6756054531975066,0.16071428571428573,3.3260714285714283,4.3
t2,1,5,ESE,2024,spring,36,1.3615819209039546,0.9549878578732107,1.8614123080415217,0.18777777777777777,3.411111111111111,5.023611111111111
t2,1,5,ESE,2024,summer,73,1.2106666666666668,0.7428048142333856,1.9078078078078078,0.17545662100456622,3.3917808219178083,4.470730593607306
t2,1,5,ESE,2025,autumn,9,1.6947712418300653,1.2010463378176381,1.8454415954415955,0.065,2.2566666666666664,3.5675925925925926
t2,1,5,ESE,2025,spring,82,1.2736978558570198,0.919056745087673,1.6175214484574156,0.19997967479674797,3.954512195121951,5.078495934959349
t2,1,5,ESE,2025,summer,31,1.1825757575757574,0.7035029232510657,1.517914768850615,0.20752688172043013,3.9470967741935485,4.852311827956989
t2,1,5,ESE,2025,winter,6,1.5217771777177718,1.2874348813805148,2.0888888888888886,0.04388888888888889,2.2416666666666667,3.765
t2,1,5,ESE,2026,winter,2,1.8709586056644882,1.4616230936819172,2.280294117647059,0.09666666666666666,2.6550000000000002,4.635833333333333
t2,1,6,SE,2024,autumn,4,1.188874912081372,0.8160153767950185,1.6021481161877655,0.10458333333333333,2.6225,3.4375
t2,1,6,SE,2024,spring,8,1.1058742994052966,0.6646590909090909,1.6776880170893802,0.11125,2.71125,3.5125
t2,1,6,SE,2024,summer,27,1.705072463768116,0.9440380892586198,2.147798742138365,0.1389506172839506,2.563333333333333,4.1103703703703705
t2,1,6,SE,2025,autumn,2,2.006061598951507,1.7709971603320227,2.2411260375709916,0.12666666666666665,2.385,4.880833333333333
t2,1,6,SE,2025,spring,25,1.6300000000000001,0.6546121593291404,2.108225108225108,0.10934666666666666,2.8072,3.74396
t2,1,6,SE,2025,summer,19,1.1776447105788423,0.7675872971590646,1.679469976517947,0.1324561403508772,3.2094736842105265,3.9643859649122803
t2,1,7,SSE,2024,autumn,3,1.090347923681257,0.8034247869231368,1.434531391559504,0.1416666666666667,3.046666666666667,3.887777777777778
t2,1,7,SSE,2024,spring,5,1.4975845410628021,1.217147435897436,1.688125894134478,0.053000000000000005,2.27,3.0260000000000002
t2,1,7,SSE,2024,summer,41,1.414648212226067,0.7986666666666667,1.9835390946502056,0.1720731707317073,3.021951219512195,4.289959349593496
t2,1,7,SSE,2025,autumn,6,1.3620132823871907,0.7545211515697302,1.8344340635738832,0.057499999999999996,2.4833333333333334,3.518333333333333
t2,1,7,SSE,2025,spring,12,1.1016896169673946,0.40031984785615493,1.9298529225307468,0.11902777777777779,2.795833333333334,3.4402777777777778
t2,1,7,SSE,2025,summer,21,1.0222491909385114,0.4324457593688363,1.4552941176470586,0.16285714285714287,3.142380952380952,3.8390476190476193
t2,1,7,SSE,2026,winter,2,1.2751299421440119,1.1680930238772864,1.3821668604107373,0.025,2.245,2.910833333333333
t2,1,8,S,2024,autumn,8,1.9940012899784798,1.297641783986322,2.3986240393016995,0.3827083333333333,3.505,6.569375
t2,1,8,S,2024,spring,5,1.281512605042017,0.640534262485482,1.4274691358024691,0.15066666666666667,2.8240000000000003,3.6646666666666667
t2,1,8,S,2024,summer,53,0.7453445065176909,0.490255376344086,1.7569141193595341,0.1320125786163522,3.3156603773584905,3.5484276729559747
t2,1,8,S,2025,autumn,7,1.8868686868686868,0.9221848014946015,2.3490750602819563,0.3971428571428572,4.47,6.626904761904762
t2,1,8,S,2025,spring,10,1.115386103872649,0.8649038461538461,1.4344431962387398,0.04466666666666667,2.721,3.1641666666666666
t2,1,8,S,2025,summer,45,0.8534086156419909,0.6688741721854304,1.4886535552193645,0.20622222222222225,4.732444444444445,4.909703703703704
t2,1,8,S,2026,winter,1,2.3178861788617886,2.3178861788617886,2.3178861788617886,0.075,2.05,4.751666666666666
t2,1,9,SSW,2024,autumn,13,1.1028225806451613,0.7734282325029656,1.418200408997955,0.048846153846153845,2.7223076923076923,3.000128205128205
t2,1,9,SSW,2024,spring,10,1.1837246950836162,0.8562187560667833,1.6470967377905865,0.09766666666666665,2.4560000000000004,3.4345
t2,1,9,SSW,2024,summer,68,0.8827116286793706,0.5468779974387291,1.1776281627643506,0.14120098039215687,3.918235294117647,3.8545833333333337
t2,1,9,SSW,2025,autumn,23,1.5280656303972366,1.1124819884726225,1.8524726229385027,0.21586956521739128,3.5852173913043477,5.165724637681159
t2,1,9,SSW,2025,spring,26,1.2028765432098765,0.791039091313628,1.6129617759679595,0.08294871794871796,2.9657692307692307,3.640448717948718
t2,1,9,SSW,2025,summer,39,1.138292799237005,0.8594729491355753,1.711633194391815,0.29017094017094014,4.6000000000000005,6.06474358974359
t2,1,9,SSW,2025,winter,7,0.7480620155038761,0.5124432012187115,1.2156838747960241,0.039047619047619046,2.508571428571429,2.441904761904762
t2,1,9,SSW,2026,winter,7,1.620527306967985,0.7684933228185418,1.7913821138211383,0.06595238095238096,3.5928571428571425,4.22047619047619
t2,1,10,SW,2024,autumn,77,1.1871345029239766,0.7240289069557363,1.5748067303319693,0.22841991341991344,4.456883116883117,5.113030303030303
t2,1,10,SW,2024,spring,48,1.1715022052181308,0.8362365779645191,1.3665155852417303,0.15788194444444445,4.034583333333333,4.398715277777778
t2,1,10,SW,2024,summer,132,0.9555443041993237,0.6422530902604944,1.5472313671696387,0.1951010101010101,4.374393939393939,4.7149810606060605
t2,1,10,SW,2025,autumn,106,1.233282116297123,0.936310861423221,1.567469105424322,0.3449842767295598,4.981792452830189,6.176619496855346
t2,1,10,SW,2025,spring,95,0.9494494494494494,0.6184827710626015,1.2267001690073436,0.14771929824561403,4.245578947368421,4.105421052631579
t2,1,10,SW,2025,summer,80,1.2826760512930724,0.8957947906523855,1.8950830269018777,0.2844375,4.7555,5.955791666666666
t2,1,10,SW,2025,winter,74,1.1439791616956971,0.7569402261686682,1.6083074868613767,0.16027027027027027,3.8216216216216217,4.518603603603603
t2,1,10,SW,2026,winter,98,1.2829507872407224,0.9310193871169482,1.6367243867243864,0.35455782312925166,5.305,6.601496598639456
t2,1,11,WSW,2024,autumn,464,0.9873444114129345,0.7602167566066483,1.2303041299868887,0.47366738505747125,7.761206896551724,7.517959770114943
t2,1,11,WSW,2024,spring,640,0.964353275087006,0.8020961505346046,1.1817561933043161,0.5109635416666667,8.35634375,7.959055729166667
t2,1,11,WSW,2024,summer,367,0.8783570300157979,0.52528129395218,1.2052625647960333,0.2772070844686648,6.31158038147139,5.510002270663033
t2,1,11,WSW,2024,winter,82,1.1525891341256367,0.975205895295181,1.3097954502336973,0.2539227642276423,5.546341463414635,6.420000000000001
t2,1,11,WSW,2025,autumn,351,1.088888888888889,0.8314395421117766,1.3708349591009594,0.44245014245014247,6.6297720797720805,7.137326685660019
t2,1,11,WSW,2025,spring,509,0.9369019912076544,0.6897750511247442,1.212882096069869,0.4877524557956778,8.019862475442043,7.619633922724296
t2,1,11,WSW,2025,summer,517,0.9125548245614035,0.5958549222797929,1.2128418549346018,0.3674793681495809,7.132707930367505,6.414301418439716
t2,1,11,WSW,2025,winter,360,1.022665046797582,0.7796585417132395,1.2845594250989258,0.3532685185185185,6.611916666666667,6.617050925925926
t2,1,11,WSW,2026,winter,261,1.0990836197021765,0.7105960264900661,1.3765792031098152,0.32560025542784166,6.069923371647509,6.145204342273308
t2,1,12,W,2024,autumn,292,0.9303500815454009,0.7702302573124357,1.1115041888996686,0.4561415525114155,8.064828767123288,7.438030821917809
t2,1,12,W,2024,spring,414,0.9249686045794479,0.7523844920322053,1.158039970663733,0.4553864734299517,8.02123188405797,7.4953252818035425
t2,1,12,W,2024,summer,365,0.8757208765859285,0.6116402116402117,1.0877551020408163,0.3136995433789954,7.0531506849315075,6.092716438356164
t2,1,12,W,2024,winter,28,1.3299335131475254,1.2091183279699105,1.6151385253054102,0.13839285714285715,3.8814285714285717,5.501845238095238
t2,1,12,W,2025,autumn,266,1.1002440424921045,0.8308507422435462,1.369751067243114,0.46263157894736845,6.830601503759398,7.368082706766917
t2,1,12,W,2025,spring,386,0.8831486041684745,0.6755363981447166,1.0766690461443713,0.48203151986183074,8.637176165803108,7.630647668393782
t2,1,12,W,2025,summer,454,0.912134380468822,0.6099092800346473,1.168016888125584,0.34948972099853154,6.9646696035242295,6.300790014684288
t2,1,12,W,2025,winter,125,0.9260595130748424,0.8167522464698331,1.2469355476472914,0.55852,9.67736,8.966146666666667
t2,1,12,W,2026,winter,85,1.1060452549814253,0.8483652762119505,1.43768115942029,0.3420549019607843,5.920470588235294,6.357850980392157
t2,1,13,WNW,2024,autumn,46,1.097953694893752,0.7161049160713989,1.2460691719297001,0.27695652173913043,5.388478260869565,5.490833333333334
t2,1,13,WNW,2024,spring,59,0.8412870571221981,0.671868442405081,1.149695533015501,0.1475141242937853,4.542542372881356,4.288531073446328
t2,1,13,WNW,2024,summer,133,0.8499680102367243,0.6251758087201125,1.1014162873039959,0.21052756892230579,5.852030075187971,5.014427318295739
t2,1,13,WNW,2024,winter,6,1.42777235375478,1.3956410788381743,1.7077864203532656,0.08722222222222224,2.566666666666667,4.234444444444445
t2,1,13,WNW,2025,autumn,66,1.1641187270501836,0.9230017449144414,1.3988341858482523,0.3128030303030303,5.459090909090909,6.161363636363636
t2,1,13,WNW,2025,spring,62,0.8540444581661006,0.6380778051411176,1.0825307296090712,0.19087365591397848,5.420645161290322,4.705790322580645
t2,1,13,WNW,2025,summer,142,0.9390648300761322,0.6919111523925436,1.3062032768040641,0.2842840375586854,5.656267605633802,5.65387323943662
t2,1,13,WNW,2025,winter,8,1.2496814448553344,0.9963159588159588,1.7403833079937208,0.11333333333333333,3.64375,4.607083333333334
t2,1,13,WNW,2026,winter,6,1.1148364235625248,0.7484840969016759,1.8571314064027962,0.24777777777777776,4.043333333333333,5.036666666666667
t2,1,14,NW,2024,autumn,4,1.0207931812409425,0.9380758245807999,1.7509865461129,0.22124999999999997,2.5675,4.46125
t2,1,14,NW,2024,spring,12,0.8841308729496802,0.829465541490858,1.1172845744830182,0.03944444444444444,2.895,2.8868055555555556
t2,1,14,NW,2024,summer,43,1.0616197183098592,0.7157864242100103,1.386748350974076,0.17926356589147288,3.9576744186046513,4.284
t2,1,14,NW,2025,autumn,12,0.9553336057626819,0.3562213511545217,1.5231818181818182,0.14888888888888888,3.3441666666666667,3.5033333333333334
t2,1,14,NW,2025,spring,11,1.0689102564102562,0.9599070785651203,1.1946395473612332,0.032424242424242425,2.688181818181818,3.0015151515151515
t2,1,14,NW,2025,summer,23,1.2871004566210047,0.5973234980009572,1.9308625876248828,0.20608695652173914,4.178260869565217,4.8280797101449275
t2,1,14,NW,2026,winter,1,1.069377990430622,1.069377990430622,1.069377990430622,0.01,2.09,2.235
t2,1,15,NNW,2024,autumn,2,2.293420306296086,1.6149272074116088,2.971913405180563,0.3166666666666667,2.3049999999999997,5.496666666666666
t2,1,15,NNW,2024,spring,1,2.0968992248062017,2.0968992248062017,2.0968992248062017,0.11666666666666668,2.15,4.508333333333334
t2,1,15,NNW,2024,summer,18,1.0953091663325265,0.8974888747616021,1.2124855494883904,0.044842592592592594,2.6372222222222224,2.8472222222222223
t2,1,15,NNW,2024,winter,1,2.911532385466035,2.911532385466035,2.911532385466035,0.16333333333333333,2.11,6.1433333333333335
t2,1,15,NNW,2025,autumn,2,0.5866820377689943,0.5499835309617919,0.6233805445761968,0.01,2.6449999999999996,1.5433333333333334
t2,1,15,NNW,2025,spring,8,0.8877703755505663,0.5575234234390642,1.3362744999598362,0.063125,2.9625,2.705416666666667
t2,1,15,NNW,2025,summer,9,1.0657640232108319,0.8836206896551724,1.374263839811543,0.20555555555555555,4.8533333333333335,5.20888888888889
t2,2,0,N,2024,autumn,4,3.7472345132743365,2.7363551873668146,4.2825,0.44375,2.3975,7.172083333333333
t2,2,0,N,2024,spring,1,2.5989583333333335,2.5989583333333335,2.5989583333333335,0.3116666666666667,2.56,6.653333333333333
t2,2,0,N,2024,summer,20,1.1742560386473428,0.8948564278187565,1.6170030441400303,0.07825,2.6390000000000002,3.180083333333333
t2,2,0,N,2025,autumn,4,0.4682700163398693,0.4165097380564604,0.5509505021520804,0.015000000000000001,3.195,1.5570833333333334
t2,2,0,N,2025,spring,5,1.0172494172494173,0.9635416666666667,1.4761006289308176,0.24266666666666667,4.8340000000000005,5.312666666666667
t2,2,0,N,2025,summer,9,0.8983333333333333,0.434402332361516,1.4419831223628692,0.14370370370370372,3.9566666666666666,3.656481481481481
t2,2,1,NNE,2024,autumn,8,1.0514632936507935,0.6605829323599358,1.1239798867182986,0.12083333333333332,2.49875,3.211875
t2,2,1,NNE,2024,spring,2,2.5962264914180455,1.5986294698978134,3.5938235129382776,0.45,2.315,6.120000000000001
t2,2,1,NNE,2024,summer,16,1.001481411109,0.8253031475748194,1.733257984889398,0.055749999999999994,2.7675,3.3233958333333335
t2,2,1,NNE,2025,autumn,10,1.074190899623488,0.6971344010178961,2.2225333907798364,0.09283333333333334,2.549,3.443333333333334
t2,2,1,NNE,2025,spring,4,1.9192565901962635,0.8492369257838566,3.060552787006275,0.25458333333333333,3.515,5.4825
t2,2,1,NNE,2025,summer,13,2.0303030303030303,0.6825757575757575,2.6259689922480622,0.2212820512820513,2.773076923076923,4.862179487179487
t2,2,1,NNE,2026,winter,8,1.3454503064215295,0.8084345349011545,1.8320367294204503,0.030416666666666665,2.71,3.3816666666666664
t2,2,2,NE,2024,autumn,45,0.9703356752537082,0.6356421356421355,2.059368191721133,0.21214814814814814,3.3853333333333335,4.733629629629629
t2,2,2,NE,2024,spring,28,1.001723187207058,0.5882969563907186,1.9273462279923945,0.1900595238095238,3.2607142857142857,4.341607142857143
t2,2,2,NE,2024,summer,83,1.1890034364261168,0.7045401290890629,1.851970451486097,0.196710843373494,3.845903614457831,4.761666666666667
t2,2,2,NE,2024,winter,8,1.4682615441817897,0.9942808628153456,1.7366993415145164,0.034791666666666665,2.76,3.9460416666666664
t2,2,2,NE,2025,autumn,169,1.2051820728291318,0.7101200686106346,1.4008810572687223,0.37216962524654834,5.766627218934911,6.457315581854043
t2,2,2,NE,2025,spring,25,1.484567901234568,0.8882716049382716,2.481132075471698,0.2182,2.8516000000000004,4.953
t2,2,2,NE,2025,summer,35,1.5023952095808384,0.8238553113553113,1.826355059226074,0.242047619047619,3.566857142857143,5.260785714285714
t2,2,2,NE,2025,winter,7,1.7911111111111113,1.6990800865800866,2.203375579493433,0.1211904761904762,2.5242857142857145,4.765238095238096
t2,2,2,NE,2026,winter,100,1.259807154276579,0.9332667747179473,1.469972281009285,0.3965666666666667,5.8274,7.000383333333333
t2,2,3,ENE,2024,autumn,296,1.350566670307295,0.9154150702426566,1.6225051859534745,0.4798704954954955,5.818040540540541,7.595525900900902
t2,2,3,ENE,2024,spring,199,1.2414589104339797,0.8045451508434341,1.653761653675684,0.3926465661641541,5.452814070351758,6.767162479061977
t2,2,3,ENE,2024,summer,226,1.301629958940664,0.8579154554263567,1.6099209885344263,0.37468879056047194,5.1878761061946905,6.6198643067846605
t2,2,3,ENE,2024,winter,60,1.5554949224525956,1.3491303478254713,1.7826285719050836,0.48166666666666663,4.952833333333333,7.4905277777777775
t2,2,3,ENE,2025,autumn,665,1.100314465408805,0.7720125786163522,1.4386446886446884,0.4041418546365915,6.218496240601504,6.86426215538847
t2,2,3,ENE,2025,spring,215,1.3903118040089086,1.0757149327122153,1.6467387868259018,0.5392403100775194,6.058232558139535,8.350558139534884
t2,2,3,ENE,2025,summer,309,1.0740423098913665,0.7007751937984497,1.4595070422535212,0.3723743257820928,6.066472491909385,6.541658036677454
t2,2,3,ENE,2025,winter,392,1.3255841397215011,1.0495481799172108,1.6622528898325075,0.3885119047619047,5.183903061224489,6.99343537414966
t2,2,3,ENE,2026,winter,658,1.218469469463838,0.9558853504438226,1.4652552665778038,0.46917882472137795,6.4600911854103344,7.825753546099292
t2,2,4,E,2024,autumn,588,1.1732085374942518,0.9181253170979198,1.4080507757346568,0.47874149659863946,6.4059693877551025,7.466816893424037
t2,2,4,E,2024,spring,428,1.2431897148810243,0.96983672777524,1.5498156209646283,0.5270654205607477,6.671612149532709,8.214637850467291
t2,2,4,E,2024,summer,185,1.0147392290249433,0.5499311294765841,1.4638069705093835,0.25398198198198196,4.912378378378378,5.192252252252253
t2,2,4,E,2024,winter,55,1.5617715617715615,1.2077487185243387,1.8580744389709907,0.6504242424242425,5.796363636363637,8.709333333333333
t2,2,4,E,2025,autumn,101,1.1786018755328218,0.707437275985663,1.6440129449838188,0.27727722772277225,4.689405940594059,5.512293729372938
t2,2,4,E,2025,spring,486,1.3039297063335527,1.0430340707655499,1.5560138248847926,0.5678103566529492,6.664855967078189,8.574067215363511
t2,2,4,E,2025,summer,88,0.9785011883541295,0.6973431372549019,1.5171031785762668,0.2677083333333333,5.2176136363636365,5.566098484848485
t2,2,4,E,2025,winter,841,1.2666093928980526,0.9516594516594516,1.5492957746478875,0.49840269520412206,6.278192627824019,7.901801426872771
t2,2,4,E,2026,winter,55,1.3963178294573644,1.1481222765112038,1.5569500056702692,0.5468787878787879,6.090181818181818,8.360696969696969
t2,2,5,ESE,2024,autumn,33,0.9653954802259888,0.5487938596491228,1.8497835497835498,0.13686868686868686,3.2084848484848485,3.732878787878788
t2,2,5,ESE,2024,spring,38,1.2016880742128266,0.8946610268038839,1.6512371206983607,0.21881578947368419,3.805789473684211,5.122675438596491
t2,2,5,ESE,2024,summer,51,1.1723891273247498,0.6744258714138865,1.8571654017053554,0.12421568627450981,3.0158823529411767,3.8093137254901963
t2,2,5,ESE,2025,autumn,19,1.0914315569487985,0.6143194207143438,1.604692409040235,0.08640350877192982,2.7210526315789476,3.210614035087719
t2,2,5,ESE,2025,spring,77,1.1751054852320675,0.8759803921568629,1.6569200779727096,0.2005995670995671,3.9767532467532467,4.941577922077922
t2,2,5,ESE,2025,summer,28,1.2820555056404115,0.6885305402693302,2.162615186641405,0.26029761904761906,3.830357142857143,5.340773809523809
t2,2,5,ESE,2025,winter,8,1.4967535792931397,0.9470972259552136,1.8254638779095298,0.061250000000000006,2.69,3.8225
t2,2,5,ESE,2026,winter,4,1.9414965986394557,1.2015630376664284,2.426723566456745,0.3391666666666667,3.12,5.712916666666667
t2,2,6,SE,2024,autumn,2,1.6828011652020949,1.277869229465734,2.087733100938456,0.425,3.0549999999999997,5.979166666666667
t2,2,6,SE,2024,spring,6,1.4257433025911288,0.7381187652926784,1.7506547619047619,0.12027777777777778,2.783333333333333,3.9736111111111114
t2,2,6,SE,2024,summer,32,1.735339779114098,0.9755211620177544,2.3910978482254457,0.17666666666666667,2.6375,4.528125
t2,2,6,SE,2025,autumn,5,0.6768916155419223,0.44941427050053245,0.8991596638655464,0.019,2.77,2.1493333333333333
t2,2,6,SE,2025,spring,23,0.737997256515775,0.3932923169267707,1.5967639823457058,0.08057971014492753,2.858695652173913,2.8813043478260867
t2,2,6,SE,2025,summer,15,0.7637910798122067,0.4667050102249489,1.855896280896281,0.18533333333333335,3.9066666666666667,4.284111111111112
t2,2,6,SE,2026,winter,1,2.5491367861885794,2.5491367861885794,2.5491367861885794,0.01,2.51,6.398333333333333
t2,2,7,SSE,2024,autumn,3,2.1232782369146004,1.3587882412643177,2.3436904005085823,0.13444444444444445,2.853333333333333,4.465555555555555
t2,2,7,SSE,2024,spring,2,1.6180013625665801,1.3549408522234612,1.881061872909699,0.050833333333333335,2.205,3.496666666666667
t2,2,7,SSE,2024,summer,42,1.1726409155937052,0.6149355200448556,1.6242618492618492,0.09265873015873016,2.8711904761904763,3.3658333333333337
t2,2,7,SSE,2025,autumn,7,1.1778711484593838,0.7403277084861823,1.609831204379562,0.17809523809523808,3.132857142857143,4.15452380952381
t2,2,7,SSE,2025,spring,2,2.4071416307673097,1.7945795873134796,3.01970367422114,0.4016666666666667,2.925,6.9
t2,2,7,SSE,2025,summer,11,1.3820224719101124,0.6714181022003474,2.1634615384615383,0.2174242424242424,3.069090909090909,4.698939393939394
t2,2,7,SSE,2026,winter,2,2.19936790505676,2.1029734262125905,2.2957623839009287,0.08333333333333333,2.625,5.693333333333333
t2,2,8,S,2024,autumn,4,1.067080103359173,0.5787384346086522,1.8359237726098192,0.10666666666666667,2.875,3.4329166666666664
t2,2,8,S,2024,summer,43,0.7678970917225951,0.3714698950619165,1.4602490421455938,0.11585271317829457,3.3827906976744186,3.382829457364341
t2,2,8,S,2025,autumn,10,1.8615487029364823,1.1251460180031607,2.5017786561264823,0.2765,3.271,5.812166666666667
t2,2,8,S,2025,spring,4,1.1463438025938026,0.8929487523237525,1.4523068132640917,0.03833333333333334,2.3,2.7770833333333336
t2,2,8,S,2025,summer,15,1.363486842105263,1.1729480099028755,1.495944071588367,0.233,4.078666666666667,5.609
t2,2,8,S,2026,winter,3,2.612121212121212,1.5225198038476044,3.0451571792693284,0.16833333333333336,2.25,4.744444444444444
t2,2,9,SSW,2024,autumn,12,1.7290750443644833,0.8943421420581655,2.1732771677394926,0.2748611111111111,3.390833333333333,5.675833333333333
t2,2,9,SSW,2024,spring,9,0.8988095238095236,0.698529411764706,1.2968901846452865,0.11518518518518518,3.381111111111111,3.604074074074074
t2,2,9,SSW,2024,summer,60,0.6953037120359955,0.42522087451332735,1.3784642603252997,0.14477777777777778,3.83,3.688416666666667
t2,2,9,SSW,2025,autumn,17,1.390459363957597,0.8848039215686274,1.9934210526315788,0.19568627450980391,3.7252941176470586,4.9681372549019605
t2,2,9,SSW,2025,spring,19,1.1067493112947657,0.6438953488372093,1.8723315590418825,0.10298245614035087,3.083684210526316,3.616578947368421
t2,2,9,SSW,2025,summer,29,1.031986531986532,0.7385503783353248,1.8780780780780781,0.2816091954022989,4.336206896551724,5.789367816091954
t2,2,9,SSW,2025,winter,1,1.0905511811023623,1.0905511811023623,1.0905511811023623,0.01,2.54,2.77
t2,2,9,SSW,2026,winter,7,1.614853195164076,0.9412672862550522,2.10490651538389,0.06261904761904762,3.8428571428571425,4.9816666666666665
t2,2,10,SW,2024,autumn,91,1.4039497307001796,0.8248643482550253,1.7077347517256238,0.32362637362637364,4.293846153846154,5.7938827838827835
t2,2,10,SW,2024,spring,70,0.9114724091004925,0.5506246595860567,1.3289242562960806,0.15090476190476193,3.8225714285714285,4.0141904761904765
t2,2,10,SW,2024,summer,119,0.8731884057971016,0.48468945755031323,1.3337742749646506,0.1470448179271709,4.212857142857143,3.9951764705882353
t2,2,10,SW,2024,winter,1,2.7628384687208216,2.7628384687208216,2.7628384687208216,0.8216666666666667,3.57,9.863333333333333
t2,2,10,SW,2025,autumn,115,1.2267573696145124,0.9509198964843026,1.4257780594282496,0.3696376811594203,5.454956521739131,6.59931884057971
t2,2,10,SW,2025,spring,75,1.2199124726477024,0.5832755743806957,1.888071156707046,0.2485111111111111,4.141466666666667,5.078222222222222
t2,2,10,SW,2025,summer,102,1.1784475632268208,0.8037496404946793,1.6906231896790773,0.2760457516339869,4.850196078431372,5.755490196078432
t2,2,10,SW,2025,winter,59,1.003800217155266,0.5509163852805614,1.4578242835595776,0.19514124293785312,4.159661016949152,4.565564971751413
t2,2,10,SW,2026,winter,101,1.2554038680318542,0.8227272727272728,1.665193912616593,0.32334983498349834,5.238217821782178,6.288597359735974
t2,2,11,WSW,2024,autumn,452,0.9534099016965276,0.7165959001517768,1.1753150818582585,0.4600368731563422,7.957035398230088,7.409185103244838
t2,2,11,WSW,2024,spring,660,0.9453007164404224,0.7575757575757577,1.217103206196273,0.5050429292929293,8.317833333333335,7.893470707070707
t2,2,11,WSW,2024,summer,355,0.8286290322580645,0.502948717948718,1.2178861904898117,0.27252018779342724,6.211492957746478,5.449353990610329
t2,2,11,WSW,2024,winter,67,1.1879951249238272,1.0052049472152564,1.4293153483867695,0.24582089552238803,5.67910447761194,6.354303482587065
t2,2,11,WSW,2025,autumn,326,1.1029820032535589,0.7709789313466313,1.389326746422626,0.43785787321063396,6.636840490797546,7.081600204498977
t2,2,11,WSW,2025,spring,496,0.94774378052233,0.6853455594741465,1.200443094692821,0.49373857526881726,7.984112903225806,7.6789455645161295
t2,2,11,WSW,2025,summer,501,0.932580424366872,0.6152694610778444,1.2954220314735334,0.35943313373253494,6.771616766467066,6.337005322687958
t2,2,11,WSW,2025,winter,361,0.9836860670194005,0.7823129251700681,1.2709486895533408,0.3608356417359187,6.99387811634349,6.752940904893813
t2,2,11,WSW,2026,winter,242,1.12133160346347,0.8141030212655602,1.4078536754507627,0.3626170798898071,6.114132231404958,6.582389807162534
t2,2,12,W,2024,autumn,267,0.9626569729015201,0.7355180626296924,1.1725383513360303,0.514812734082397,8.52198501872659,7.997159800249689
t2,2,12,W,2024,spring,367,0.8905723905723906,0.6779754446944284,1.158372531168601,0.44521798365122617,8.227302452316076,7.366298819255223
t2,2,12,W,2024,summer,359,0.9088296760710554,0.6211660525615078,1.170678621806958,0.29648514391829156,6.75949860724234,5.952626740947075
t2,2,12,W,2024,winter,48,1.5336758817001979,1.3249240960737585,1.732327608639084,0.18444444444444444,3.426458333333333,5.508993055555556
t2,2,12,W,2025,autumn,251,1.022421524663677,0.7696891491941236,1.3709624597649523,0.45982071713147415,6.968406374501992,7.272908366533865
t2,2,12,W,2025,spring,388,0.8789418494850342,0.6808490408268957,1.0797773134276807,0.46315077319587633,8.45020618556701,7.4348127147766325
t2,2,12,W,2025,summer,463,0.913214990138067,0.6418530701754386,1.2569812952877473,0.3324629229661627,6.510734341252699,6.104718502519798
t2,2,12,W,2025,winter,133,0.8659231722428749,0.7268054484708302,1.200152207001522,0.48875939849624056,9.206315789473685,8.164523809523809
t2,2,12,W,2026,winter,87,1.114556040756914,0.7633060958192193,1.5404160204360915,0.3062030651340996,5.642873563218391,5.942114942528735
t2,2,13,WNW,2024,autumn,51,1.2235973597359737,0.8542439644711183,1.8015673527399063,0.2903267973856209,4.692352941176471,5.975392156862745
t2,2,13,WNW,2024,spring,81,1.0663956639566397,0.801146384479718,1.6953601953601953,0.2503086419753086,4.502345679012346,5.338765432098765
t2,2,13,WNW,2024,summer,161,0.9242424242424242,0.6431424766977364,1.181281094527363,0.2654710144927536,6.055403726708074,5.546733954451346
t2,2,13,WNW,2024,winter,6,1.7255384472418207,1.5179351361397642,1.8324153118313513,0.04944444444444444,2.5866666666666664,3.7880555555555553
t2,2,13,WNW,2025,autumn,81,1.2652303120356612,0.893153871718179,1.5363570914326854,0.3555144032921811,5.243703703703704,6.415658436213992
t2,2,13,WNW,2025,spring,71,0.9758064516129031,0.5844106696766459,1.4548351306971998,0.15502347417840376,4.5260563380281695,4.387065727699531
t2,2,13,WNW,2025,summer,188,0.9971833909539249,0.6587005511185839,1.349264705882353,0.26791932624113474,5.792553191489362,5.628576241134752
t2,2,13,WNW,2025,winter,5,1.0779716466739366,0.9720164609053499,1.3636363636363635,0.43033333333333335,6.970000000000001,7.353999999999999
t2,2,13,WNW,2026,winter,13,0.9927832244008713,0.5848056537102474,1.207429322813938,0.3105128205128205,5.325384615384616,5.299358974358975
t2,2,14,NW,2024,autumn,11,1.0147492625368733,0.832467499874517,1.4591898572301116,0.11636363636363636,3.6045454545454545,3.933181818181818
t2,2,14,NW,2024,spring,10,0.5924253640622561,0.5214804070948585,0.731204785334098,0.04033333333333334,2.911,2.4786666666666664
t2,2,14,NW,2024,summer,53,1.1158219623131904,0.7739273927392739,1.670751633986928,0.2954842767295598,4.467924528301887,5.738182389937107
t2,2,14,NW,2025,autumn,12,1.2070566872599766,0.9296191719851716,1.5134132007233272,0.16486111111111112,3.6483333333333334,4.090944444444444
t2,2,14,NW,2025,spring,18,0.8332284275577936,0.546029168921638,1.2117082320820065,0.07666666666666667,2.913333333333333,3.027037037037037
t2,2,14,NW,2025,summer,30,0.9867549990293147,0.5666391011504863,1.3933273629964806,0.15016666666666667,4.226333333333334,4.126777777777778
t2,2,14,NW,2026,winter,2,1.5129716981132075,1.2788915094339623,1.7470518867924527,0.03666666666666667,2.12,3.2075
t2,2,15,NNW,2024,autumn,3,1.1720430107526882,0.9098581625463347,1.197434548854605,0.22833333333333336,4.346666666666667,4.605555555555555
t2,2,15,NNW,2024,spring,1,2.139484978540773,2.139484978540773,2.139484978540773,0.7433333333333333,4.66,9.97
t2,2,15,NNW,2024,summer,19,0.9617604617604617,0.7801794598436389,2.6071417606876968,0.21675438596491228,3.1873684210526316,4.7671052631578945
t2,2,15,NNW,2025,autumn,1,0.25898931000971814,0.25898931000971814,0.25898931000971814,0.01,3.43,0.8883333333333333
t2,2,15,NNW,2025,spring,2,1.3414490951788922,1.253401712943777,1.4294964774140075,0.07,2.6950000000000003,3.6425
t2,2,15,NNW,2025,summer,12,0.993995077705879,0.7930859306898088,1.6238768257694314,0.24250000000000002,4.1125,5.0929166666666665
t2,2,15,NNW,2026,winter,2,1.0137883078950536,0.8938268613027693,1.1337497544873376,0.013333333333333332,2.3,2.3724999999999996
